Date,"User acquisition (All users, All events, Per interval, Daily): All countries / regions",Notes
"Feb 3, 2020",1,
"Feb 4, 2020",0,
"Feb 5, 2020",0,
"Feb 6, 2020",0,
"Feb 7, 2020",0,
"Feb 8, 2020",0,
"Feb 9, 2020",0,
"Feb 10, 2020",0,
"Feb 11, 2020",2,
"Feb 12, 2020",0,
"Feb 13, 2020",0,
"Feb 14, 2020",4,
"Feb 15, 2020",1,
"Feb 16, 2020",0,
"Feb 17, 2020",0,
"Feb 18, 2020",0,
"Feb 19, 2020",0,
"Feb 20, 2020",4,
"Feb 21, 2020",1,
"Feb 22, 2020",0,
"Feb 23, 2020",0,
"Feb 24, 2020",0,
"Feb 25, 2020",0,
"Feb 26, 2020",0,
"Feb 27, 2020",0,
"Feb 28, 2020",0,
"Feb 29, 2020",0,
"Mar 1, 2020",0,
"Mar 2, 2020",0,
"Mar 3, 2020",0,
"Mar 4, 2020",0,
"Mar 5, 2020",0,
"Mar 6, 2020",0,
"Mar 7, 2020",0,
"Mar 8, 2020",0,
"Mar 9, 2020",0,
"Mar 10, 2020",0,
"Mar 11, 2020",0,
"Mar 12, 2020",0,
"Mar 13, 2020",0,
"Mar 14, 2020",0,
"Mar 15, 2020",0,
"Mar 16, 2020",0,
"Mar 17, 2020",0,
"Mar 18, 2020",0,
"Mar 19, 2020",0,
"Mar 20, 2020",0,
"Mar 21, 2020",0,
"Mar 22, 2020",0,
"Mar 23, 2020",0,
"Mar 24, 2020",0,
"Mar 25, 2020",0,
"Mar 26, 2020",0,
"Mar 27, 2020",0,
"Mar 28, 2020",0,
"Mar 29, 2020",0,
"Mar 30, 2020",0,
"Mar 31, 2020",0,
"Apr 1, 2020",0,
"Apr 2, 2020",0,
"Apr 3, 2020",0,
"Apr 4, 2020",0,
"Apr 5, 2020",0,
"Apr 6, 2020",0,
"Apr 7, 2020",0,
"Apr 8, 2020",0,
"Apr 9, 2020",0,
"Apr 10, 2020",0,
"Apr 11, 2020",0,
"Apr 12, 2020",0,
"Apr 13, 2020",0,
"Apr 14, 2020",0,
"Apr 15, 2020",0,
"Apr 16, 2020",0,
"Apr 17, 2020",0,
"Apr 18, 2020",0,
"Apr 19, 2020",0,
"Apr 20, 2020",1,
"Apr 21, 2020",0,
"Apr 22, 2020",1,
"Apr 23, 2020",0,
"Apr 24, 2020",2,
"Apr 25, 2020",0,
"Apr 26, 2020",0,
"Apr 27, 2020",0,Rollout of release: Started rollout of 1.0.5 at 100%.
"Apr 28, 2020",24,
"Apr 29, 2020",43,
"Apr 30, 2020",18,
"May 1, 2020",24,
"May 2, 2020",8,Rollout of release: Started rollout of 1.0.5 at 100%.
"May 3, 2020",7,
"May 4, 2020",11,
"May 5, 2020",9,
"May 6, 2020",15,
"May 7, 2020",109,
"May 8, 2020",131,
"May 9, 2020",31,
"May 10, 2020",37,
"May 11, 2020",74,
"May 12, 2020",85,
"May 13, 2020",29,Rollout of release: Started rollout of 1.0.5+29 at 100%.
"May 14, 2020",28,Rollout of release: Started rollout of 1.0.5 at 100%.
"May 15, 2020",28,
"May 16, 2020",20,
"May 17, 2020",41,Rollout of release: Started rollout of 1.0.5 at 100%.
"May 18, 2020",51,Rollout of release: Started rollout of 1.0.5 at 100%.
"May 19, 2020",59,
"May 20, 2020",46,Rollout of release: Started rollout of 1.0.5 at 100%.
"May 21, 2020",41,
"May 22, 2020",32,
"May 23, 2020",13,
"May 24, 2020",20,
"May 25, 2020",26,
"May 26, 2020",38,
"May 27, 2020",22,
"May 28, 2020",174,
"May 29, 2020",40,Rollout of release: Started rollout of 1.0.5 at 100%.
"May 30, 2020",23,
"May 31, 2020",24,
"Jun 1, 2020",28,
"Jun 2, 2020",31,
"Jun 3, 2020",43,
"Jun 4, 2020",35,
"Jun 5, 2020",31,
"Jun 6, 2020",12,
"Jun 7, 2020",23,
"Jun 8, 2020",26,
"Jun 9, 2020",41,
"Jun 10, 2020",30,
"Jun 11, 2020",33,Rollout of release: Started rollout of 1.0.5 at 100%.
"Jun 12, 2020",26,
"Jun 13, 2020",20,
"Jun 14, 2020",36,
"Jun 15, 2020",31,
"Jun 16, 2020",28,
"Jun 17, 2020",20,
"Jun 18, 2020",17,
"Jun 19, 2020",23,
"Jun 20, 2020",17,
"Jun 21, 2020",15,
"Jun 22, 2020",15,
"Jun 23, 2020",21,
"Jun 24, 2020",27,
"Jun 25, 2020",21,
"Jun 26, 2020",18,
"Jun 27, 2020",19,
"Jun 28, 2020",12,
"Jun 29, 2020",26,
"Jun 30, 2020",17,
"Jul 1, 2020",24,
"Jul 2, 2020",32,
"Jul 3, 2020",23,
"Jul 4, 2020",18,
"Jul 5, 2020",18,
"Jul 6, 2020",33,
"Jul 7, 2020",16,
"Jul 8, 2020",30,
"Jul 9, 2020",22,
"Jul 10, 2020",14,
"Jul 11, 2020",22,
"Jul 12, 2020",18,
"Jul 13, 2020",22,
"Jul 14, 2020",24,
"Jul 15, 2020",32,
"Jul 16, 2020",23,
"Jul 17, 2020",24,
"Jul 18, 2020",19,
"Jul 19, 2020",18,
"Jul 20, 2020",31,
"Jul 21, 2020",33,
"Jul 22, 2020",25,
"Jul 23, 2020",23,Rollout of release: Started rollout of 1.0.6 at 100%.
"Jul 24, 2020",25,
"Jul 25, 2020",20,
"Jul 26, 2020",23,
"Jul 27, 2020",30,
"Jul 28, 2020",22,
"Jul 29, 2020",30,
"Jul 30, 2020",15,
"Jul 31, 2020",23,
"Aug 1, 2020",28,
"Aug 2, 2020",17,
"Aug 3, 2020",31,
"Aug 4, 2020",24,
"Aug 5, 2020",24,
"Aug 6, 2020",23,
"Aug 7, 2020",24,
"Aug 8, 2020",13,
"Aug 9, 2020",22,
"Aug 10, 2020",22,
"Aug 11, 2020",30,
"Aug 12, 2020",28,
"Aug 13, 2020",11,
"Aug 14, 2020",22,
"Aug 15, 2020",19,
"Aug 16, 2020",10,
"Aug 17, 2020",33,
"Aug 18, 2020",45,
"Aug 19, 2020",22,
"Aug 20, 2020",26,
"Aug 21, 2020",21,
"Aug 22, 2020",19,
"Aug 23, 2020",15,
"Aug 24, 2020",22,
"Aug 25, 2020",22,
"Aug 26, 2020",14,
"Aug 27, 2020",29,
"Aug 28, 2020",15,
"Aug 29, 2020",19,
"Aug 30, 2020",24,
"Aug 31, 2020",25,
"Sep 1, 2020",41,
"Sep 2, 2020",14,
"Sep 3, 2020",37,
"Sep 4, 2020",32,
"Sep 5, 2020",20,
"Sep 6, 2020",30,
"Sep 7, 2020",28,
"Sep 8, 2020",18,
"Sep 9, 2020",28,
"Sep 10, 2020",24,
"Sep 11, 2020",17,
"Sep 12, 2020",9,
"Sep 13, 2020",14,
"Sep 14, 2020",19,
"Sep 15, 2020",26,
"Sep 16, 2020",28,
"Sep 17, 2020",30,
"Sep 18, 2020",23,
"Sep 19, 2020",18,
"Sep 20, 2020",32,
"Sep 21, 2020",44,Rollout of release: Started rollout of 1.0.8 at 100%.
"Sep 22, 2020",52,Rollout of release: Started rollout of 1.0.9 at 100%.
"Sep 23, 2020",59,
"Sep 24, 2020",75,Rollout of release: Started rollout of 1.0.10 at 100%.
"Sep 25, 2020",103,Rollout of release: Started rollout of 1.0.10 at 100%.
"Sep 26, 2020",32,
"Sep 27, 2020",59,
"Sep 28, 2020",57,
"Sep 29, 2020",56,
"Sep 30, 2020",60,
"Oct 1, 2020",76,
"Oct 2, 2020",62,
"Oct 3, 2020",31,
"Oct 4, 2020",30,
"Oct 5, 2020",76,
"Oct 6, 2020",150,Metric update: Data reconciliation on this date may result in a one-off increase in reported uninstalls.
"Oct 7, 2020",97,
"Oct 8, 2020",79,
"Oct 9, 2020",111,
"Oct 10, 2020",53,
"Oct 11, 2020",57,
"Oct 12, 2020",90,
"Oct 13, 2020",100,Rollout of release: Started rollout of 57 (1.1.0) at 100%.
"Oct 14, 2020",107,
"Oct 15, 2020",119,Rollout of release: Started rollout of 58 (1.1.0) at 100%.
"Oct 16, 2020",131,
"Oct 17, 2020",71,
"Oct 18, 2020",89,
"Oct 19, 2020",87,
"Oct 20, 2020",205,
"Oct 21, 2020",120,
"Oct 22, 2020",116,
"Oct 23, 2020",188,
"Oct 24, 2020",116,Metric update: An issue with data may result in over-reporting installs for this period. This did not affect your actual install performance.
"Oct 25, 2020",113,
"Oct 26, 2020",130,
"Oct 27, 2020",114,Metric update: An issue with data may result in over-reporting installs for this period. This did not affect your actual install performance.
"Oct 28, 2020",229,
"Oct 29, 2020",193,
"Oct 30, 2020",145,
"Oct 31, 2020",134,
"Nov 1, 2020",163,
"Nov 2, 2020",194,
"Nov 3, 2020",181,
"Nov 4, 2020",158,
"Nov 5, 2020",152,Rollout of release: Started rollout of 59 (1.1.1) at 100%.
"Nov 6, 2020",171,
"Nov 7, 2020",102,
"Nov 8, 2020",134,
"Nov 9, 2020",135,
"Nov 10, 2020",162,
"Nov 11, 2020",206,
"Nov 12, 2020",189,
"Nov 13, 2020",189,Metric update: An issue with data may result in over-reporting installs for this period. This did not affect your actual install performance.
"Nov 14, 2020",171,
"Nov 15, 2020",213,
"Nov 16, 2020",240,
"Nov 17, 2020",233,
"Nov 18, 2020",204,
"Nov 19, 2020",219,
"Nov 20, 2020",287,
"Nov 21, 2020",472,
"Nov 22, 2020",370,
"Nov 23, 2020",497,
"Nov 24, 2020",437,
"Nov 25, 2020",405,
"Nov 26, 2020",421,
"Nov 27, 2020",522,
"Nov 28, 2020",463,
"Nov 29, 2020",422,
"Nov 30, 2020",396,
"Dec 1, 2020",330,
"Dec 2, 2020",383,
"Dec 3, 2020",400,
"Dec 4, 2020",416,
"Dec 5, 2020",327,
"Dec 6, 2020",314,
"Dec 7, 2020",316,
"Dec 8, 2020",359,
"Dec 9, 2020",334,
"Dec 10, 2020",290,
"Dec 11, 2020",283,
"Dec 12, 2020",345,
"Dec 13, 2020",286,
"Dec 14, 2020",274,
"Dec 15, 2020",295,
"Dec 16, 2020",250,
"Dec 17, 2020",214,
"Dec 18, 2020",220,
"Dec 19, 2020",168,
"Dec 20, 2020",173,
"Dec 21, 2020",203,
"Dec 22, 2020",228,
"Dec 23, 2020",164,
"Dec 24, 2020",172,
"Dec 25, 2020",195,
"Dec 26, 2020",203,
"Dec 27, 2020",208,
"Dec 28, 2020",211,
"Dec 29, 2020",221,
"Dec 30, 2020",243,
"Dec 31, 2020",168,
"Jan 1, 2021",219,
"Jan 2, 2021",228,
"Jan 3, 2021",254,
"Jan 4, 2021",279,
"Jan 5, 2021",224,
"Jan 6, 2021",211,
"Jan 7, 2021",215,
"Jan 8, 2021",201,
"Jan 9, 2021",160,
"Jan 10, 2021",153,
"Jan 11, 2021",154,
"Jan 12, 2021",199,
"Jan 13, 2021",179,
"Jan 14, 2021",142,
"Jan 15, 2021",157,
"Jan 16, 2021",151,
"Jan 17, 2021",160,
"Jan 18, 2021",206,
"Jan 19, 2021",170,
"Jan 20, 2021",187,
"Jan 21, 2021",183,
"Jan 22, 2021",296,
"Jan 23, 2021",245,Rollout of release: Started rollout of 62 (1.1.2) at 100%.
"Jan 24, 2021",235,
"Jan 25, 2021",215,
"Jan 26, 2021",206,Rollout of release: Started rollout of 64 (1.1.3) at 100%.
"Jan 27, 2021",188,
"Jan 28, 2021",201,Rollout of release: Started rollout of 65 (1.1.4) at 100%.
"Jan 29, 2021",176,
"Jan 30, 2021",181,
"Jan 31, 2021",177,
"Feb 1, 2021",183,
"Feb 2, 2021",190,
"Feb 3, 2021",148,
"Feb 4, 2021",199,
"Feb 5, 2021",168,
"Feb 6, 2021",219,
"Feb 7, 2021",205,
"Feb 8, 2021",217,
"Feb 9, 2021",188,
"Feb 10, 2021",177,
"Feb 11, 2021",151,
"Feb 12, 2021",210,
"Feb 13, 2021",234,
"Feb 14, 2021",195,
"Feb 15, 2021",207,
"Feb 16, 2021",211,
"Feb 17, 2021",213,
"Feb 18, 2021",237,
"Feb 19, 2021",193,
"Feb 20, 2021",176,
"Feb 21, 2021",174,
"Feb 22, 2021",161,
"Feb 23, 2021",178,
"Feb 24, 2021",170,
"Feb 25, 2021",151,Metric update: An issue with data may result in over-reporting installs for this period. This did not affect your actual install performance.
"Feb 26, 2021",182,
"Feb 27, 2021",148,
"Feb 28, 2021",164,
"Mar 1, 2021",171,
"Mar 2, 2021",172,
"Mar 3, 2021",175,
"Mar 4, 2021",149,
"Mar 5, 2021",178,
"Mar 6, 2021",257,
"Mar 7, 2021",272,
"Mar 8, 2021",273,
"Mar 9, 2021",309,
"Mar 10, 2021",274,
"Mar 11, 2021",194,
"Mar 12, 2021",300,
"Mar 13, 2021",293,
"Mar 14, 2021",311,
"Mar 15, 2021",308,
"Mar 16, 2021",254,
"Mar 17, 2021",255,
"Mar 18, 2021",255,
"Mar 19, 2021",296,
"Mar 20, 2021",342,
"Mar 21, 2021",325,
"Mar 22, 2021",283,
"Mar 23, 2021",311,
"Mar 24, 2021",270,
"Mar 25, 2021",273,
"Mar 26, 2021",280,
"Mar 27, 2021",309,
"Mar 28, 2021",313,
"Mar 29, 2021",261,
"Mar 30, 2021",247,
"Mar 31, 2021",232,
"Apr 1, 2021",255,
"Apr 2, 2021",301,
"Apr 3, 2021",309,
"Apr 4, 2021",269,
"Apr 5, 2021",244,
"Apr 6, 2021",243,
"Apr 7, 2021",212,
"Apr 8, 2021",210,
"Apr 9, 2021",222,
"Apr 10, 2021",242,
"Apr 11, 2021",244,
"Apr 12, 2021",220,
"Apr 13, 2021",210,
"Apr 14, 2021",200,
"Apr 15, 2021",208,
"Apr 16, 2021",178,
"Apr 17, 2021",260,
"Apr 18, 2021",250,
"Apr 19, 2021",228,
"Apr 20, 2021",270,
"Apr 21, 2021",251,
"Apr 22, 2021",212,
"Apr 23, 2021",168,
"Apr 24, 2021",268,
"Apr 25, 2021",243,
"Apr 26, 2021",196,
"Apr 27, 2021",258,
"Apr 28, 2021",230,
"Apr 29, 2021",219,
"Apr 30, 2021",180,
"May 1, 2021",198,
"May 2, 2021",223,
"May 3, 2021",214,
"May 4, 2021",307,
"May 5, 2021",267,
"May 6, 2021",259,
"May 7, 2021",204,
"May 8, 2021",234,
"May 9, 2021",256,
"May 10, 2021",233,
"May 11, 2021",221,
"May 12, 2021",177,
"May 13, 2021",236,
"May 14, 2021",275,
"May 15, 2021",330,
"May 16, 2021",293,
"May 17, 2021",327,
"May 18, 2021",295,
"May 19, 2021",253,
"May 20, 2021",235,
"May 21, 2021",265,
"May 22, 2021",209,
"May 23, 2021",238,
"May 24, 2021",260,
"May 25, 2021",217,
"May 26, 2021",207,
"May 27, 2021",235,
"May 28, 2021",246,
"May 29, 2021",731,
"May 30, 2021",624,
"May 31, 2021",464,
"Jun 1, 2021",434,
"Jun 2, 2021",419,
"Jun 3, 2021",524,
"Jun 4, 2021",545,
"Jun 5, 2021",536,
"Jun 6, 2021",586,
"Jun 7, 2021",503,
"Jun 8, 2021",419,
"Jun 9, 2021",359,
"Jun 10, 2021",300,
"Jun 11, 2021",304,
"Jun 12, 2021",398,
"Jun 13, 2021",337,
"Jun 14, 2021",284,
"Jun 15, 2021",307,
"Jun 16, 2021",302,
"Jun 17, 2021",260,
"Jun 18, 2021",259,
"Jun 19, 2021",303,
"Jun 20, 2021",282,
"Jun 21, 2021",259,
"Jun 22, 2021",247,
"Jun 23, 2021",233,
"Jun 24, 2021",197,
"Jun 25, 2021",201,
"Jun 26, 2021",192,
"Jun 27, 2021",179,
"Jun 28, 2021",183,
"Jun 29, 2021",217,
"Jun 30, 2021",281,
"Jul 1, 2021",229,
"Jul 2, 2021",233,
"Jul 3, 2021",217,
"Jul 4, 2021",232,
"Jul 5, 2021",217,
"Jul 6, 2021",229,
"Jul 7, 2021",211,
"Jul 8, 2021",201,
"Jul 9, 2021",230,
"Jul 10, 2021",193,
"Jul 11, 2021",186,
"Jul 12, 2021",213,
"Jul 13, 2021",221,
"Jul 14, 2021",214,
"Jul 15, 2021",220,
"Jul 16, 2021",207,
"Jul 17, 2021",207,
"Jul 18, 2021",236,
"Jul 19, 2021",201,
"Jul 20, 2021",228,
"Jul 21, 2021",191,Rollout of release: Started rollout of 70 (1.1.5) at 20%.
"Jul 22, 2021",190,
"Jul 23, 2021",176,Rollout of release: Increased rollout of 70 (1.1.5) to 100%.
"Jul 24, 2021",163,Rollout of release: Started rollout of 71 (1.1.6) at 20%. Rollout of release: Increased rollout of 71 (1.1.6) to 100%.
"Jul 25, 2021",158,
"Jul 26, 2021",165,
"Jul 27, 2021",199,
"Jul 28, 2021",170,Rollout of release: Started rollout of 72 (1.1.7) at 100%.
"Jul 29, 2021",163,
"Jul 30, 2021",140,
"Jul 31, 2021",125,Rollout of release: Started rollout of 73 (1.1.8) at 20%.
"Aug 1, 2021",142,
"Aug 2, 2021",156,Rollout of release: Increased rollout of 73 (1.1.8) to 100%.
"Aug 3, 2021",157,
"Aug 4, 2021",190,
"Aug 5, 2021",147,
"Aug 6, 2021",158,
"Aug 7, 2021",127,
"Aug 8, 2021",167,Rollout of release: Started rollout of 74 (1.1.9) at 100%.
"Aug 9, 2021",188,
"Aug 10, 2021",203,
"Aug 11, 2021",212,
"Aug 12, 2021",196,
"Aug 13, 2021",172,
"Aug 14, 2021",166,
"Aug 15, 2021",188,
"Aug 16, 2021",187,
"Aug 17, 2021",204,
"Aug 18, 2021",211,Rollout of release: Started rollout of 75 (1.1.10) at 20%.
"Aug 19, 2021",175,
"Aug 20, 2021",189,
"Aug 21, 2021",173,
"Aug 22, 2021",166,
"Aug 23, 2021",160,
"Aug 24, 2021",126,
"Aug 25, 2021",116,
"Aug 26, 2021",116,
"Aug 27, 2021",89,
"Aug 28, 2021",100,
"Aug 29, 2021",126,
"Aug 30, 2021",152,
"Aug 31, 2021",170,
"Sep 1, 2021",161,
"Sep 2, 2021",152,
"Sep 3, 2021",179,
"Sep 4, 2021",157,
"Sep 5, 2021",221,
"Sep 6, 2021",147,
"Sep 7, 2021",186,
"Sep 8, 2021",197,
"Sep 9, 2021",291,
"Sep 10, 2021",154,
"Sep 11, 2021",181,
"Sep 12, 2021",169,
"Sep 13, 2021",156,
"Sep 14, 2021",168,
"Sep 15, 2021",132,
"Sep 16, 2021",170,
"Sep 17, 2021",180,
"Sep 18, 2021",144,
"Sep 19, 2021",117,
"Sep 20, 2021",185,
"Sep 21, 2021",149,
"Sep 22, 2021",152,
"Sep 23, 2021",150,
"Sep 24, 2021",149,
"Sep 25, 2021",193,
"Sep 26, 2021",184,
"Sep 27, 2021",180,
"Sep 28, 2021",169,
"Sep 29, 2021",175,
"Sep 30, 2021",224,
"Oct 1, 2021",213,
"Oct 2, 2021",198,
"Oct 3, 2021",189,
"Oct 4, 2021",187,
"Oct 5, 2021",185,
"Oct 6, 2021",162,
"Oct 7, 2021",143,
"Oct 8, 2021",184,
"Oct 9, 2021",149,
"Oct 10, 2021",155,
"Oct 11, 2021",153,
"Oct 12, 2021",147,
"Oct 13, 2021",178,
"Oct 14, 2021",155,
"Oct 15, 2021",232,
"Oct 16, 2021",364,
"Oct 17, 2021",439,
"Oct 18, 2021",414,
"Oct 19, 2021",482,
"Oct 20, 2021",508,
"Oct 21, 2021",506,
"Oct 22, 2021",510,
"Oct 23, 2021",469,
"Oct 24, 2021",420,
"Oct 25, 2021",381,
"Oct 26, 2021",356,
"Oct 27, 2021",303,
"Oct 28, 2021",250,
"Oct 29, 2021",236,
"Oct 30, 2021",320,
"Oct 31, 2021",298,
"Nov 1, 2021",297,Rollout of release: Halted rollout of 75 (1.1.10). Rollout of release: Started rollout of 77 (1.1.12) at 20%.
"Nov 2, 2021",308,Rollout of release: Increased rollout of 77 (1.1.12) to 100%.
"Nov 3, 2021",294,
"Nov 4, 2021",248,
"Nov 5, 2021",240,
"Nov 6, 2021",300,
"Nov 7, 2021",325,
"Nov 8, 2021",254,
"Nov 9, 2021",253,
"Nov 10, 2021",285,
"Nov 11, 2021",232,Rollout of release: Started rollout of 79 (1.1.13) at 20%.
"Nov 12, 2021",215,Rollout of release: Increased rollout of 79 (1.1.13) to 100%.
"Nov 13, 2021",228,
"Nov 14, 2021",208,
"Nov 15, 2021",206,
"Nov 16, 2021",142,
"Nov 17, 2021",13,
"Nov 18, 2021",23,
"Nov 19, 2021",21,
"Nov 20, 2021",16,
"Nov 21, 2021",16,
"Nov 22, 2021",104,
"Nov 23, 2021",261,
"Nov 24, 2021",241,
"Nov 25, 2021",219,
"Nov 26, 2021",187,
"Nov 27, 2021",251,
"Nov 28, 2021",210,
"Nov 29, 2021",177,
"Nov 30, 2021",206,
"Dec 1, 2021",204,
"Dec 2, 2021",163,
"Dec 3, 2021",163,
"Dec 4, 2021",202,
"Dec 5, 2021",193,
"Dec 6, 2021",192,
"Dec 7, 2021",194,
"Dec 8, 2021",155,
"Dec 9, 2021",172,
"Dec 10, 2021",136,
"Dec 11, 2021",228,
"Dec 12, 2021",183,Rollout of release: Started rollout of 81 (1.1.15) at 20%. Rollout of release: Increased rollout of 81 (1.1.15) to 100%.
"Dec 13, 2021",200,
"Dec 14, 2021",202,
"Dec 15, 2021",218,
"Dec 16, 2021",229,
"Dec 17, 2021",195,
"Dec 18, 2021",287,
"Dec 19, 2021",279,
"Dec 20, 2021",240,
"Dec 21, 2021",239,
"Dec 22, 2021",229,
"Dec 23, 2021",242,
"Dec 24, 2021",264,
"Dec 25, 2021",271,
"Dec 26, 2021",290,
"Dec 27, 2021",292,
"Dec 28, 2021",317,
"Dec 29, 2021",291,
"Dec 30, 2021",314,
"Dec 31, 2021",269,
"Jan 1, 2022",324,
"Jan 2, 2022",329,
"Jan 3, 2022",340,
"Jan 4, 2022",304,
"Jan 5, 2022",317,
"Jan 6, 2022",328,
"Jan 7, 2022",443,
"Jan 8, 2022",343,
"Jan 9, 2022",350,
"Jan 10, 2022",378,
"Jan 11, 2022",344,
"Jan 12, 2022",354,
"Jan 13, 2022",365,
"Jan 14, 2022",334,
"Jan 15, 2022",348,
"Jan 16, 2022",272,
"Jan 17, 2022",230,
"Jan 18, 2022",262,
"Jan 19, 2022",232,
"Jan 20, 2022",249,
"Jan 21, 2022",260,
"Jan 22, 2022",221,
"Jan 23, 2022",241,
"Jan 24, 2022",265,
"Jan 25, 2022",259,
"Jan 26, 2022",238,
"Jan 27, 2022",271,
"Jan 28, 2022",224,
"Jan 29, 2022",340,
"Jan 30, 2022",368,
"Jan 31, 2022",337,
"Feb 1, 2022",410,
"Feb 2, 2022",330,
"Feb 3, 2022",322,
"Feb 4, 2022",317,
"Feb 5, 2022",332,
"Feb 6, 2022",300,
"Feb 7, 2022",325,
"Feb 8, 2022",323,
"Feb 9, 2022",258,
"Feb 10, 2022",239,
"Feb 11, 2022",221,
"Feb 12, 2022",410,
"Feb 13, 2022",325,
"Feb 14, 2022",264,
"Feb 15, 2022",306,
"Feb 16, 2022",263,
"Feb 17, 2022",256,
"Feb 18, 2022",242,
"Feb 19, 2022",407,
"Feb 20, 2022",261,
"Feb 21, 2022",262,
"Feb 22, 2022",258,
"Feb 23, 2022",247,
"Feb 24, 2022",276,
"Feb 25, 2022",193,
"Feb 26, 2022",209,
"Feb 27, 2022",257,
"Feb 28, 2022",213,
"Mar 1, 2022",209,
"Mar 2, 2022",269,
"Mar 3, 2022",223,
"Mar 4, 2022",219,
"Mar 5, 2022",207,
"Mar 6, 2022",229,
"Mar 7, 2022",216,
"Mar 8, 2022",196,
"Mar 9, 2022",208,
"Mar 10, 2022",165,
"Mar 11, 2022",197,
"Mar 12, 2022",303,Rollout of release: Started rollout of 84 (1.1.17) at 100%.
"Mar 13, 2022",233,
"Mar 14, 2022",210,
"Mar 15, 2022",200,
"Mar 16, 2022",228,
"Mar 17, 2022",213,
"Mar 18, 2022",175,
"Mar 19, 2022",277,
"Mar 20, 2022",242,
"Mar 21, 2022",209,
"Mar 22, 2022",215,
"Mar 23, 2022",191,
"Mar 24, 2022",187,
"Mar 25, 2022",205,
"Mar 26, 2022",210,
"Mar 27, 2022",207,
"Mar 28, 2022",210,
"Mar 29, 2022",195,
"Mar 30, 2022",172,
"Mar 31, 2022",184,
"Apr 1, 2022",198,
"Apr 2, 2022",167,
"Apr 3, 2022",189,
"Apr 4, 2022",185,
"Apr 5, 2022",175,
"Apr 6, 2022",187,
"Apr 7, 2022",148,
"Apr 8, 2022",122,
"Apr 9, 2022",253,
"Apr 10, 2022",209,
"Apr 11, 2022",178,
"Apr 12, 2022",180,
"Apr 13, 2022",174,
"Apr 14, 2022",144,
"Apr 15, 2022",151,
"Apr 16, 2022",125,
"Apr 17, 2022",141,
"Apr 18, 2022",161,
"Apr 19, 2022",161,
"Apr 20, 2022",135,
"Apr 21, 2022",169,"Change in reporting data: We made improvements to how installs, uninstalls, updates, and device activity are counted, including how we count users who have removed install activity for privacy reasons."
"Apr 22, 2022",162,
"Apr 23, 2022",155,
"Apr 24, 2022",131,
"Apr 25, 2022",135,
"Apr 26, 2022",153,
"Apr 27, 2022",154,
"Apr 28, 2022",144,
"Apr 29, 2022",118,
"Apr 30, 2022",140,
"May 1, 2022",121,
"May 2, 2022",103,
"May 3, 2022",121,
"May 4, 2022",151,
"May 5, 2022",141,
"May 6, 2022",133,
"May 7, 2022",126,
"May 8, 2022",159,
"May 9, 2022",131,
"May 10, 2022",137,
"May 11, 2022",152,
"May 12, 2022",146,
"May 13, 2022",130,
"May 14, 2022",155,
"May 15, 2022",132,
"May 16, 2022",159,
"May 17, 2022",152,
"May 18, 2022",153,
"May 19, 2022",151,
"May 20, 2022",113,
"May 21, 2022",142,
"May 22, 2022",158,
"May 23, 2022",176,
"May 24, 2022",155,
"May 25, 2022",131,
"May 26, 2022",137,
"May 27, 2022",139,
"May 28, 2022",125,
"May 29, 2022",153,
"May 30, 2022",147,
"May 31, 2022",177,
"Jun 1, 2022",126,
"Jun 2, 2022",135,
"Jun 3, 2022",120,
"Jun 4, 2022",116,
"Jun 5, 2022",149,
"Jun 6, 2022",132,
"Jun 7, 2022",173,
"Jun 8, 2022",119,
"Jun 9, 2022",142,
"Jun 10, 2022",152,
"Jun 11, 2022",314,
"Jun 12, 2022",229,
"Jun 13, 2022",203,
"Jun 14, 2022",189,
"Jun 15, 2022",149,
"Jun 16, 2022",170,
"Jun 17, 2022",152,
"Jun 18, 2022",217,
"Jun 19, 2022",244,
"Jun 20, 2022",211,
"Jun 21, 2022",263,
"Jun 22, 2022",210,
"Jun 23, 2022",261,
"Jun 24, 2022",253,
"Jun 25, 2022",310,
"Jun 26, 2022",284,
"Jun 27, 2022",218,
"Jun 28, 2022",240,
"Jun 29, 2022",211,
"Jun 30, 2022",211,Rollout of release: Started rollout of 87 (1.2.2) at 20%. Rollout of release: Started rollout of 88 (1.2.3) at 100%. Rollout of release: Halted rollout of 87 (1.2.2).
"Jul 1, 2022",204,Rollout of release: Started rollout of 89 (1.2.4) at 100%.
"Jul 2, 2022",260,
"Jul 3, 2022",265,
"Jul 4, 2022",223,
"Jul 5, 2022",256,
"Jul 6, 2022",266,
"Jul 7, 2022",227,
"Jul 8, 2022",211,
"Jul 9, 2022",255,
"Jul 10, 2022",240,
"Jul 11, 2022",247,
"Jul 12, 2022",264,
"Jul 13, 2022",197,
"Jul 14, 2022",255,
"Jul 15, 2022",179,
"Jul 16, 2022",187,
"Jul 17, 2022",224,
"Jul 18, 2022",207,
"Jul 19, 2022",221,
"Jul 20, 2022",236,
"Jul 21, 2022",250,
"Jul 22, 2022",207,
"Jul 23, 2022",208,
"Jul 24, 2022",185,
"Jul 25, 2022",173,
"Jul 26, 2022",175,
"Jul 27, 2022",182,
"Jul 28, 2022",185,
"Jul 29, 2022",182,
"Jul 30, 2022",172,
"Jul 31, 2022",208,
"Aug 1, 2022",200,
"Aug 2, 2022",213,
"Aug 3, 2022",183,Rollout of release: Started rollout of 91 (1.2.5) at 20%.
"Aug 4, 2022",232,Rollout of release: Increased rollout of 91 (1.2.5) to 100%.
"Aug 5, 2022",189,
"Aug 6, 2022",330,
"Aug 7, 2022",377,
"Aug 8, 2022",287,
"Aug 9, 2022",263,
"Aug 10, 2022",312,
"Aug 11, 2022",241,
"Aug 12, 2022",249,
"Aug 13, 2022",183,
"Aug 14, 2022",226,
"Aug 15, 2022",268,
"Aug 16, 2022",239,
"Aug 17, 2022",213,
"Aug 18, 2022",255,
"Aug 19, 2022",214,
"Aug 20, 2022",246,
"Aug 21, 2022",241,
"Aug 22, 2022",207,
"Aug 23, 2022",204,
"Aug 24, 2022",202,
"Aug 25, 2022",185,
"Aug 26, 2022",154,
"Aug 27, 2022",199,
"Aug 28, 2022",215,
"Aug 29, 2022",211,
"Aug 30, 2022",200,
"Aug 31, 2022",215,
"Sep 1, 2022",185,
"Sep 2, 2022",170,
"Sep 3, 2022",201,
"Sep 4, 2022",272,
"Sep 5, 2022",255,
"Sep 6, 2022",216,
"Sep 7, 2022",224,
"Sep 8, 2022",210,
"Sep 9, 2022",232,
"Sep 10, 2022",236,
"Sep 11, 2022",205,
"Sep 12, 2022",214,
"Sep 13, 2022",212,
"Sep 14, 2022","1,569",
"Sep 15, 2022","1,431",
"Sep 16, 2022","2,140",
"Sep 17, 2022","1,804",
"Sep 18, 2022","2,852",
"Sep 19, 2022","2,372",
"Sep 20, 2022","2,915",
"Sep 21, 2022","2,432",
"Sep 22, 2022","2,340",
"Sep 23, 2022","2,564",
"Sep 24, 2022","2,102",
"Sep 25, 2022","2,161",
"Sep 26, 2022","2,050",
"Sep 27, 2022","1,847",
"Sep 28, 2022","1,902",
"Sep 29, 2022","1,823",
"Sep 30, 2022","1,806",
"Oct 1, 2022","1,808",
"Oct 2, 2022","1,735",
"Oct 3, 2022","1,894",
"Oct 4, 2022","1,775",
"Oct 5, 2022","1,772",
"Oct 6, 2022","1,661",
"Oct 7, 2022","1,618",
"Oct 8, 2022","1,256",
"Oct 9, 2022","1,237",
"Oct 10, 2022","1,472",
"Oct 11, 2022","1,422",
"Oct 12, 2022","1,470",
"Oct 13, 2022","2,333",
"Oct 14, 2022","1,875",
"Oct 15, 2022","1,921",
"Oct 16, 2022","1,850",
"Oct 17, 2022","1,879",
"Oct 18, 2022","1,875",
"Oct 19, 2022","1,948",
"Oct 20, 2022","1,780",
"Oct 21, 2022","1,657",
"Oct 22, 2022","1,656",
"Oct 23, 2022","1,528",
"Oct 24, 2022","1,789",
"Oct 25, 2022","1,737",
"Oct 26, 2022","1,623",
"Oct 27, 2022","1,573",
"Oct 28, 2022","1,428",
"Oct 29, 2022","1,270",
"Oct 30, 2022","1,378",
"Oct 31, 2022","1,406",
"Nov 1, 2022","1,278",
"Nov 2, 2022","1,350",Rollout of release: Started rollout of 94 (1.3.3) at 100%. Rollout of release: Started rollout of 95 (1.3.4) at 100%.
"Nov 3, 2022","1,583",
"Nov 4, 2022","1,446",Rollout of release: Started rollout of 96 (1.3.5) at 20%.
"Nov 5, 2022","1,533",Rollout of release: Increased rollout of 96 (1.3.5) to 100%. Rollout of release: Started rollout of 97 (1.3.6) at 100%.
"Nov 6, 2022","1,713",
"Nov 7, 2022","1,669",
"Nov 8, 2022","1,691",
"Nov 9, 2022","1,539",
"Nov 10, 2022","1,534",
"Nov 11, 2022","1,426",
"Nov 12, 2022","1,455",
"Nov 13, 2022","1,371",
"Nov 14, 2022","1,347",
"Nov 15, 2022","1,369",
"Nov 16, 2022","1,425",
"Nov 17, 2022","1,301",
"Nov 18, 2022","1,197",
"Nov 19, 2022","1,101",
"Nov 20, 2022","1,177",
"Nov 21, 2022","1,096",
"Nov 22, 2022","1,013",Rollout of release: Started rollout of 98 (1.3.7) at 100%.
"Nov 23, 2022","1,050",
"Nov 24, 2022","1,142",
"Nov 25, 2022","1,094",
"Nov 26, 2022","1,161",
"Nov 27, 2022","1,257",
"Nov 28, 2022","1,174",
"Nov 29, 2022","1,158",
"Nov 30, 2022","1,316",
"Dec 1, 2022","1,357",
"Dec 2, 2022","1,232",
"Dec 3, 2022","1,113",
"Dec 4, 2022","1,090",
"Dec 5, 2022","1,346",
"Dec 6, 2022","1,133",
"Dec 7, 2022","1,048",
"Dec 8, 2022","1,073",
"Dec 9, 2022",979,
"Dec 10, 2022",895,
"Dec 11, 2022","1,055",Rollout of release: Started rollout of 102 (2.1.1) at 100%.
"Dec 12, 2022",669,Rollout of release: Started rollout of 104 (2.1.1) at 100%.
"Dec 13, 2022",372,
"Dec 14, 2022",322,
"Dec 15, 2022",347,
"Dec 16, 2022",436,
"Dec 17, 2022",436,
"Dec 18, 2022",441,
"Dec 19, 2022",431,
"Dec 20, 2022",411,
"Dec 21, 2022",392,
"Dec 22, 2022",335,
"Dec 23, 2022",292,
"Dec 24, 2022",261,
"Dec 25, 2022",272,
"Dec 26, 2022",236,
"Dec 27, 2022",264,
"Dec 28, 2022",249,
"Dec 29, 2022",281,
"Dec 30, 2022",225,
"Dec 31, 2022",249,
"Jan 1, 2023",403,
"Jan 2, 2023",424,
"Jan 3, 2023",450,Rollout of release: Started rollout of 106 (2.1.2) at 20%. Rollout of release: Increased rollout of 106 (2.1.2) to 100%.
"Jan 4, 2023",432,
"Jan 5, 2023",418,Rollout of release: Started rollout of 107 (2.1.3) at 100%.
"Jan 6, 2023",378,
"Jan 7, 2023",444,
"Jan 8, 2023",415,
"Jan 9, 2023",388,
"Jan 10, 2023",421,Rollout of release: Started rollout of 108 (2.1.4) at 100%.
"Jan 11, 2023",410,
"Jan 12, 2023",404,
"Jan 13, 2023",365,
"Jan 14, 2023",507,
"Jan 15, 2023",455,
"Jan 16, 2023",427,
"Jan 17, 2023",368,
"Jan 18, 2023",387,Rollout of release: Started rollout of 109 (2.1.4) at 100%.
"Jan 19, 2023",361,
"Jan 20, 2023",305,
"Jan 21, 2023",344,
"Jan 22, 2023",321,
"Jan 23, 2023",404,
"Jan 24, 2023",333,
"Jan 25, 2023",354,
"Jan 26, 2023",350,
"Jan 27, 2023",328,
"Jan 28, 2023",410,
"Jan 29, 2023",396,
"Jan 30, 2023",343,
"Jan 31, 2023",358,
"Feb 1, 2023",357,
"Feb 2, 2023",327,
"Feb 3, 2023",305,
"Feb 4, 2023",299,
"Feb 5, 2023",335,
"Feb 6, 2023",313,
"Feb 7, 2023",329,
"Feb 8, 2023",290,
"Feb 9, 2023",278,
"Feb 10, 2023",276,
"Feb 11, 2023",256,
"Feb 12, 2023",309,
"Feb 13, 2023",280,
"Feb 14, 2023",313,
"Feb 15, 2023",295,Rollout of release: Started rollout of 110 (2.1.5) at 100%.
"Feb 16, 2023",290,
"Feb 17, 2023",255,
"Feb 18, 2023",237,
"Feb 19, 2023",300,
"Feb 20, 2023",260,
"Feb 21, 2023",274,
"Feb 22, 2023",266,
"Feb 23, 2023",304,
"Feb 24, 2023",390,
"Feb 25, 2023",328,
"Feb 26, 2023",299,
"Feb 27, 2023",296,
"Feb 28, 2023",264,
"Mar 1, 2023",329,
"Mar 2, 2023",309,
"Mar 3, 2023",285,
"Mar 4, 2023",345,
"Mar 5, 2023",321,
"Mar 6, 2023",322,
"Mar 7, 2023",358,
"Mar 8, 2023",303,
"Mar 9, 2023",276,
"Mar 10, 2023",275,
"Mar 11, 2023",249,
"Mar 12, 2023",293,
"Mar 13, 2023",331,
"Mar 14, 2023",293,
"Mar 15, 2023",319,
"Mar 16, 2023",264,
"Mar 17, 2023",274,
"Mar 18, 2023",249,
"Mar 19, 2023",273,
"Mar 20, 2023",272,
"Mar 21, 2023",283,
"Mar 22, 2023",310,
"Mar 23, 2023",262,
"Mar 24, 2023",236,
"Mar 25, 2023",293,
"Mar 26, 2023",284,
"Mar 27, 2023",289,
"Mar 28, 2023",258,
"Mar 29, 2023",313,
"Mar 30, 2023",307,
"Mar 31, 2023",286,Rollout of release: Started rollout of 113 (2.1.6) at 100%.
"Apr 1, 2023",325,
"Apr 2, 2023",344,Rollout of release: Started rollout of 114 (2.1.7) at 100%.
"Apr 3, 2023",279,
"Apr 4, 2023",321,
"Apr 5, 2023",305,
"Apr 6, 2023",294,
"Apr 7, 2023",255,
"Apr 8, 2023",271,
"Apr 9, 2023",304,
"Apr 10, 2023",289,
"Apr 11, 2023",288,
"Apr 12, 2023",295,
"Apr 13, 2023",279,
"Apr 14, 2023",254,
"Apr 15, 2023",280,
"Apr 16, 2023",306,
"Apr 17, 2023",297,
"Apr 18, 2023",240,
"Apr 19, 2023",229,
"Apr 20, 2023",229,
"Apr 21, 2023",192,
"Apr 22, 2023",209,
"Apr 23, 2023",212,
"Apr 24, 2023",213,
"Apr 25, 2023",233,
"Apr 26, 2023",262,
"Apr 27, 2023",280,
"Apr 28, 2023",253,
"Apr 29, 2023",223,
"Apr 30, 2023",262,Rollout of release: Started rollout of 117 (2.2.1) at 20%. Rollout of release: Increased rollout of 117 (2.2.1) to 100%.
"May 1, 2023",315,
"May 2, 2023",299,
"May 3, 2023",283,
"May 4, 2023",266,
"May 5, 2023",252,
"May 6, 2023",330,
"May 7, 2023",367,
"May 8, 2023",295,
"May 9, 2023",312,
"May 10, 2023",263,
"May 11, 2023",264,
"May 12, 2023",252,
"May 13, 2023",266,
"May 14, 2023",257,
"May 15, 2023",235,Rollout of release: Started rollout of 119 (2.2.2) at 100%.
"May 16, 2023",239,
"May 17, 2023",255,Rollout of release: Started rollout of 120 (2.2.3) at 100%.
"May 18, 2023",260,
"May 19, 2023",259,
"May 20, 2023",275,
"May 21, 2023",315,
"May 22, 2023",289,
"May 23, 2023",445,
"May 24, 2023",332,
"May 25, 2023",390,
"May 26, 2023",359,
"May 27, 2023",368,
"May 28, 2023",361,
"May 29, 2023",312,
"May 30, 2023",390,
"May 31, 2023",333,
"Jun 1, 2023",411,
"Jun 2, 2023",416,
"Jun 3, 2023",507,
"Jun 4, 2023",503,
"Jun 5, 2023",471,
"Jun 6, 2023",488,
"Jun 7, 2023",593,Rollout of release: Started rollout of 121 (2.2.4) at 100%.
"Jun 8, 2023",453,
"Jun 9, 2023",476,
"Jun 10, 2023",478,
"Jun 11, 2023",513,
"Jun 12, 2023",519,
"Jun 13, 2023",492,
"Jun 14, 2023",476,
"Jun 15, 2023",446,
"Jun 16, 2023",462,
"Jun 17, 2023",473,
"Jun 18, 2023",466,
"Jun 19, 2023",406,
"Jun 20, 2023",412,
"Jun 21, 2023",427,
"Jun 22, 2023",389,Rollout of release: Started rollout of 124 (2.2.5) at 100%.
"Jun 23, 2023",352,
"Jun 24, 2023",356,
"Jun 25, 2023",361,
"Jun 26, 2023",366,
"Jun 27, 2023",380,
"Jun 28, 2023",346,
"Jun 29, 2023",321,
"Jun 30, 2023",357,
"Jul 1, 2023",414,
"Jul 2, 2023",363,
"Jul 3, 2023",341,
"Jul 4, 2023",325,
"Jul 5, 2023",256,
"Jul 6, 2023",259,
"Jul 7, 2023",244,
"Jul 8, 2023",280,
"Jul 9, 2023",280,
"Jul 10, 2023",268,
"Jul 11, 2023",269,
"Jul 12, 2023",283,
"Jul 13, 2023",299,
"Jul 14, 2023",259,
"Jul 15, 2023",251,
"Jul 16, 2023",268,
"Jul 17, 2023",284,Rollout of release: Started rollout of 125 (2.2.6) at 20%.
"Jul 18, 2023",248,
"Jul 19, 2023",292,Rollout of release: Increased rollout of 125 (2.2.6) to 100%.
"Jul 20, 2023",267,
"Jul 21, 2023",225,
"Jul 22, 2023",250,
"Jul 23, 2023",250,
"Jul 24, 2023",257,
"Jul 25, 2023",301,
"Jul 26, 2023",241,
"Jul 27, 2023",380,
"Jul 28, 2023",493,
"Jul 29, 2023",483,
"Jul 30, 2023",429,
"Jul 31, 2023",290,
"Aug 1, 2023",584,
"Aug 2, 2023",506,
"Aug 3, 2023",502,
"Aug 4, 2023",439,
"Aug 5, 2023",532,
"Aug 6, 2023",651,
"Aug 7, 2023",498,
"Aug 8, 2023",578,
"Aug 9, 2023",590,
"Aug 10, 2023",573,
"Aug 11, 2023",565,
"Aug 12, 2023",666,
"Aug 13, 2023",610,
"Aug 14, 2023",541,
"Aug 15, 2023",535,
"Aug 16, 2023",493,
"Aug 17, 2023",515,
"Aug 18, 2023",492,
"Aug 19, 2023",539,
"Aug 20, 2023",563,
"Aug 21, 2023",591,
"Aug 22, 2023",672,
"Aug 23, 2023",725,
"Aug 24, 2023",915,
"Aug 25, 2023",653,
"Aug 26, 2023",651,
"Aug 27, 2023",584,
"Aug 28, 2023",489,
"Aug 29, 2023",467,
"Aug 30, 2023",402,
"Aug 31, 2023",433,
"Sep 1, 2023",436,
"Sep 2, 2023",474,
"Sep 3, 2023",502,
"Sep 4, 2023",439,
"Sep 5, 2023",442,
"Sep 6, 2023",431,
"Sep 7, 2023",425,
"Sep 8, 2023",316,
"Sep 9, 2023",424,
"Sep 10, 2023",473,
"Sep 11, 2023",390,
"Sep 12, 2023",375,
"Sep 13, 2023",311,Rollout of release: Started rollout of 131 (2.2.7) at 100%.
"Sep 14, 2023",344,
"Sep 15, 2023",323,
"Sep 16, 2023",332,
"Sep 17, 2023",379,
"Sep 18, 2023",341,
"Sep 19, 2023",318,
"Sep 20, 2023",317,
"Sep 21, 2023",346,
"Sep 22, 2023",345,Rollout of release: Started rollout of 133 (2.2.8) at 20%. Rollout of release: Increased rollout of 133 (2.2.8) to 100%.
"Sep 23, 2023",351,
"Sep 24, 2023",358,
"Sep 25, 2023",293,
"Sep 26, 2023",378,
"Sep 27, 2023",367,
"Sep 28, 2023",383,
"Sep 29, 2023",388,
"Sep 30, 2023",444,
"Oct 1, 2023",450,
"Oct 2, 2023",390,
"Oct 3, 2023",373,
"Oct 4, 2023",388,
"Oct 5, 2023",391,
"Oct 6, 2023",282,
"Oct 7, 2023",595,
"Oct 8, 2023",473,
"Oct 9, 2023",389,
"Oct 10, 2023",376,
"Oct 11, 2023",351,
"Oct 12, 2023",311,
"Oct 13, 2023",365,
"Oct 14, 2023",298,
"Oct 15, 2023",318,
"Oct 16, 2023",366,
"Oct 17, 2023",363,
"Oct 18, 2023",362,
"Oct 19, 2023",367,
"Oct 20, 2023",344,
"Oct 21, 2023",353,
"Oct 22, 2023",341,
"Oct 23, 2023",383,
"Oct 24, 2023",454,
"Oct 25, 2023",364,
"Oct 26, 2023",386,
"Oct 27, 2023",349,
"Oct 28, 2023",338,
"Oct 29, 2023",427,
"Oct 30, 2023",432,
"Oct 31, 2023",508,
"Nov 1, 2023",462,
"Nov 2, 2023",407,
"Nov 3, 2023",403,
"Nov 4, 2023",484,
"Nov 5, 2023",594,
"Nov 6, 2023",494,
"Nov 7, 2023",422,
"Nov 8, 2023",365,
"Nov 9, 2023",362,
"Nov 10, 2023",357,
"Nov 11, 2023",373,
"Nov 12, 2023",382,
"Nov 13, 2023",402,
"Nov 14, 2023",462,
"Nov 15, 2023",396,
"Nov 16, 2023",384,
"Nov 17, 2023",535,
"Nov 18, 2023",465,
"Nov 19, 2023",473,
"Nov 20, 2023",400,
"Nov 21, 2023",433,
"Nov 22, 2023",340,
"Nov 23, 2023",359,
"Nov 24, 2023",290,
"Nov 25, 2023",324,
"Nov 26, 2023",389,
"Nov 27, 2023",413,
"Nov 28, 2023",472,Rollout of release: Started rollout of 135 (2.2.9) at 100%.
"Nov 29, 2023",378,
"Nov 30, 2023",368,Rollout of release: Started rollout of 136 (2.2.10) at 20%. Rollout of release: Increased rollout of 136 (2.2.10) to 100%.
"Dec 1, 2023",422,
"Dec 2, 2023",496,
"Dec 3, 2023",498,
"Dec 4, 2023",561,
"Dec 5, 2023",493,
"Dec 6, 2023",447,
"Dec 7, 2023",400,
"Dec 8, 2023",402,
"Dec 9, 2023",434,
"Dec 10, 2023",458,
"Dec 11, 2023",562,
"Dec 12, 2023",525,
"Dec 13, 2023",498,
"Dec 14, 2023",526,
"Dec 15, 2023",472,
"Dec 16, 2023",602,
"Dec 17, 2023",584,
"Dec 18, 2023",509,
"Dec 19, 2023",474,
"Dec 20, 2023",429,
"Dec 21, 2023",409,
"Dec 22, 2023",374,
"Dec 23, 2023",401,
"Dec 24, 2023",401,
"Dec 25, 2023",404,
"Dec 26, 2023",427,
"Dec 27, 2023",451,
"Dec 28, 2023",465,
"Dec 29, 2023",509,Rollout of release: Started rollout of 137 (2.2.11) at 100%.
"Dec 30, 2023",663,
"Dec 31, 2023",538,
"Jan 1, 2024",615,
"Jan 2, 2024",544,
"Jan 3, 2024",633,
"Jan 4, 2024",548,
"Jan 5, 2024",466,
"Jan 6, 2024",428,
"Jan 7, 2024",458,
"Jan 8, 2024",480,
"Jan 9, 2024",433,
"Jan 10, 2024",475,
"Jan 11, 2024",507,
"Jan 12, 2024",496,
"Jan 13, 2024",501,
"Jan 14, 2024",593,
"Jan 15, 2024",453,
"Jan 16, 2024",516,
"Jan 17, 2024",475,
"Jan 18, 2024",448,
"Jan 19, 2024",436,
"Jan 20, 2024",507,
"Jan 21, 2024",527,
"Jan 22, 2024",491,
"Jan 23, 2024",469,
"Jan 24, 2024",411,
"Jan 25, 2024",417,
"Jan 26, 2024",461,
"Jan 27, 2024",467,
"Jan 28, 2024",514,Rollout of release: Started rollout of 138 (2.2.12) at 100%.
"Jan 29, 2024",535,
"Jan 30, 2024",465,
"Jan 31, 2024",513,
"Feb 1, 2024",521,
"Feb 2, 2024",531,
"Feb 3, 2024",468,
"Feb 4, 2024",446,
"Feb 5, 2024",443,
"Feb 6, 2024",448,
"Feb 7, 2024",456,
"Feb 8, 2024",469,
"Feb 9, 2024",455,
"Feb 10, 2024",321,
"Feb 11, 2024",408,
"Feb 12, 2024",425,
"Feb 13, 2024",422,
"Feb 14, 2024",376,
"Feb 15, 2024",369,
"Feb 16, 2024",359,
"Feb 17, 2024",372,
"Feb 18, 2024",392,
"Feb 19, 2024",401,
"Feb 20, 2024",405,
"Feb 21, 2024",361,
"Feb 22, 2024",353,
"Feb 23, 2024",331,
"Feb 24, 2024",653,
"Feb 25, 2024",594,
"Feb 26, 2024",463,
"Feb 27, 2024",450,
"Feb 28, 2024",391,
"Feb 29, 2024",441,
"Mar 1, 2024",394,
"Mar 2, 2024",371,
"Mar 3, 2024",369,
"Mar 4, 2024",372,
"Mar 5, 2024",388,
"Mar 6, 2024",397,
"Mar 7, 2024",380,
"Mar 8, 2024",365,
"Mar 9, 2024",345,
"Mar 10, 2024",317,
"Mar 11, 2024",344,
"Mar 12, 2024",349,
"Mar 13, 2024",340,
"Mar 14, 2024",358,
"Mar 15, 2024",375,
"Mar 16, 2024",368,
"Mar 17, 2024",373,
"Mar 18, 2024",363,
"Mar 19, 2024",370,
"Mar 20, 2024",378,
"Mar 21, 2024",364,
"Mar 22, 2024",342,
"Mar 23, 2024",318,
"Mar 24, 2024",306,
"Mar 25, 2024",333,
"Mar 26, 2024",315,
"Mar 27, 2024",287,
"Mar 28, 2024",302,
"Mar 29, 2024",281,
"Mar 30, 2024",293,
"Mar 31, 2024",329,
"Apr 1, 2024",380,
"Apr 2, 2024",305,
"Apr 3, 2024",282,
"Apr 4, 2024",332,
"Apr 5, 2024",320,
"Apr 6, 2024",293,
"Apr 7, 2024",302,
"Apr 8, 2024",331,
"Apr 9, 2024",269,
"Apr 10, 2024",314,
"Apr 11, 2024",367,
"Apr 12, 2024",350,
"Apr 13, 2024",358,
"Apr 14, 2024",386,
"Apr 15, 2024",361,
"Apr 16, 2024",376,
"Apr 17, 2024",375,
"Apr 18, 2024",425,
"Apr 19, 2024",344,
"Apr 20, 2024",319,
"Apr 21, 2024",357,
"Apr 22, 2024",330,
"Apr 23, 2024",379,
"Apr 24, 2024",340,
"Apr 25, 2024",358,
"Apr 26, 2024",300,
"Apr 27, 2024",331,
"Apr 28, 2024",318,
"Apr 29, 2024",327,
"Apr 30, 2024",376,
"May 1, 2024",410,
"May 2, 2024",380,
"May 3, 2024",396,
"May 4, 2024",374,
"May 5, 2024",367,
"May 6, 2024",364,
"May 7, 2024",375,
"May 8, 2024",342,
"May 9, 2024",356,
"May 10, 2024",329,
"May 11, 2024",352,
"May 12, 2024",412,
"May 13, 2024",403,Rollout of release: Started rollout of 142 (2.2.13) at 100%.
"May 14, 2024",398,
"May 15, 2024",418,
"May 16, 2024",388,
"May 17, 2024",364,
"May 18, 2024",368,
"May 19, 2024",407,
"May 20, 2024",418,
"May 21, 2024",385,
"May 22, 2024",387,
"May 23, 2024",459,
"May 24, 2024",415,
"May 25, 2024",416,
"May 26, 2024",372,
"May 27, 2024",378,
"May 28, 2024",436,
"May 29, 2024",390,
"May 30, 2024",369,
"May 31, 2024",379,
"Jun 1, 2024",345,
"Jun 2, 2024",357,
"Jun 3, 2024",388,
"Jun 4, 2024",378,
"Jun 5, 2024",394,
"Jun 6, 2024",673,
"Jun 7, 2024",477,
"Jun 8, 2024",434,
"Jun 9, 2024",462,
"Jun 10, 2024",408,
"Jun 11, 2024",801,
"Jun 12, 2024",463,
"Jun 13, 2024",393,
"Jun 14, 2024",409,
"Jun 15, 2024",349,
"Jun 16, 2024",360,
"Jun 17, 2024",347,
"Jun 18, 2024",390,
"Jun 19, 2024",409,
"Jun 20, 2024",427,
"Jun 21, 2024",399,
"Jun 22, 2024",367,
"Jun 23, 2024",422,
"Jun 24, 2024",404,
"Jun 25, 2024",470,
"Jun 26, 2024",410,
"Jun 27, 2024",382,
"Jun 28, 2024",376,
"Jun 29, 2024",342,
"Jun 30, 2024",477,
"Jul 1, 2024",387,
"Jul 2, 2024",377,
"Jul 3, 2024",376,
"Jul 4, 2024",367,Rollout of release: Started rollout of 144 (2.3.2) at 20%. Rollout of release: Increased rollout of 144 (2.3.2) to 100%.
"Jul 5, 2024",377,
"Jul 6, 2024",386,
"Jul 7, 2024",474,
"Jul 8, 2024",425,
"Jul 9, 2024",472,
"Jul 10, 2024",446,
"Jul 11, 2024",481,Rollout of release: Started rollout of 147 (2.3.3) at 100%.
"Jul 12, 2024",420,
"Jul 13, 2024",380,
"Jul 14, 2024",432,
"Jul 15, 2024",473,
"Jul 16, 2024",456,
"Jul 17, 2024",394,
"Jul 18, 2024",477,
"Jul 19, 2024",371,
"Jul 20, 2024",433,
"Jul 21, 2024",473,
"Jul 22, 2024",503,
"Jul 23, 2024",548,
"Jul 24, 2024",529,
"Jul 25, 2024",466,
"Jul 26, 2024",514,
"Jul 27, 2024",387,
"Jul 28, 2024",420,
"Jul 29, 2024",394,
"Jul 30, 2024",456,
"Jul 31, 2024",492,
"Aug 1, 2024",442,
"Aug 2, 2024",512,
"Aug 3, 2024",463,
"Aug 4, 2024",402,
"Aug 5, 2024",485,
"Aug 6, 2024",460,
"Aug 7, 2024",483,
"Aug 8, 2024",461,
"Aug 9, 2024",426,
"Aug 10, 2024",414,
"Aug 11, 2024",361,
"Aug 12, 2024",447,
"Aug 13, 2024",515,
"Aug 14, 2024",582,
"Aug 15, 2024",509,
"Aug 16, 2024",409,
"Aug 17, 2024",462,
"Aug 18, 2024",469,
"Aug 19, 2024",463,
"Aug 20, 2024",443,
"Aug 21, 2024",412,
"Aug 22, 2024",438,
"Aug 23, 2024",398,
"Aug 24, 2024",464,
"Aug 25, 2024",396,
"Aug 26, 2024",482,
"Aug 27, 2024",379,
"Aug 28, 2024",413,
"Aug 29, 2024",459,
"Aug 30, 2024",377,
"Aug 31, 2024",375,Rollout of release: Started rollout of 148 (2.3.4) at 100%.
"Sep 1, 2024",375,
"Sep 2, 2024",452,
"Sep 3, 2024",392,
"Sep 4, 2024",416,
"Sep 5, 2024",409,
"Sep 6, 2024",409,
"Sep 7, 2024",386,Rollout of release: Started rollout of 149 (2.3.5) at 100%.
"Sep 8, 2024",431,
"Sep 9, 2024",452,
"Sep 10, 2024",428,Rollout of release: Started rollout of 150 (2.3.6) at 100%.
"Sep 11, 2024",384,
"Sep 12, 2024",476,
"Sep 13, 2024",393,
"Sep 14, 2024",395,
"Sep 15, 2024",370,
"Sep 16, 2024",420,
"Sep 17, 2024",405,
"Sep 18, 2024",366,
"Sep 19, 2024",439,
"Sep 20, 2024",445,Rollout of release: Started rollout of 153 (2.3.8) at 100%.
"Sep 21, 2024",319,
"Sep 22, 2024",407,
"Sep 23, 2024",397,
"Sep 24, 2024",391,
"Sep 25, 2024",422,
"Sep 26, 2024",376,
"Sep 27, 2024",426,
"Sep 28, 2024",422,
"Sep 29, 2024",350,
"Sep 30, 2024",393,
"Oct 1, 2024",403,
"Oct 2, 2024",394,
"Oct 3, 2024",384,
"Oct 4, 2024",322,
"Oct 5, 2024",359,
"Oct 6, 2024",399,
"Oct 7, 2024",330,
"Oct 8, 2024",430,
"Oct 9, 2024",404,
"Oct 10, 2024",427,
"Oct 11, 2024",426,
"Oct 12, 2024",362,
"Oct 13, 2024",335,
"Oct 14, 2024",381,
"Oct 15, 2024",351,
"Oct 16, 2024",352,
"Oct 17, 2024",371,
"Oct 18, 2024",390,
"Oct 19, 2024",382,
"Oct 20, 2024",355,
"Oct 21, 2024",347,
"Oct 22, 2024",406,
"Oct 23, 2024",343,
"Oct 24, 2024",387,
"Oct 25, 2024",397,
"Oct 26, 2024",331,
"Oct 27, 2024",334,
"Oct 28, 2024",348,
"Oct 29, 2024",336,
"Oct 30, 2024",373,
"Oct 31, 2024",498,
"Nov 1, 2024",371,
"Nov 2, 2024",332,
"Nov 3, 2024",339,
"Nov 4, 2024",353,
"Nov 5, 2024",334,
"Nov 6, 2024",354,
"Nov 7, 2024",347,
"Nov 8, 2024",386,Rollout of release: Started rollout of 154 (2.3.9) at 100%.
"Nov 9, 2024",329,
"Nov 10, 2024",367,
"Nov 11, 2024",365,
"Nov 12, 2024",377,
"Nov 13, 2024",381,
"Nov 14, 2024",367,
"Nov 15, 2024",329,
"Nov 16, 2024",292,
"Nov 17, 2024",292,
"Nov 18, 2024",322,
"Nov 19, 2024",340,
"Nov 20, 2024",353,
"Nov 21, 2024",328,
"Nov 22, 2024",346,
"Nov 23, 2024",320,
"Nov 24, 2024",385,
"Nov 25, 2024",399,
"Nov 26, 2024",399,
"Nov 27, 2024",384,
"Nov 28, 2024",308,
"Nov 29, 2024",260,
"Nov 30, 2024",303,
"Dec 1, 2024",290,
"Dec 2, 2024",304,
"Dec 3, 2024",329,
"Dec 4, 2024",348,
"Dec 5, 2024",319,
"Dec 6, 2024",335,
"Dec 7, 2024",371,
"Dec 8, 2024",494,
"Dec 9, 2024",495,
"Dec 10, 2024",502,
"Dec 11, 2024",591,
"Dec 12, 2024",388,
"Dec 13, 2024",385,
"Dec 14, 2024",352,
"Dec 15, 2024",362,
"Dec 16, 2024",349,
"Dec 17, 2024",326,
"Dec 18, 2024",351,
"Dec 19, 2024",352,
"Dec 20, 2024",351,
"Dec 21, 2024",331,
"Dec 22, 2024",346,
"Dec 23, 2024",314,
"Dec 24, 2024",262,
"Dec 25, 2024",376,
"Dec 26, 2024",369,
"Dec 27, 2024",270,
"Dec 28, 2024",322,
"Dec 29, 2024",345,
"Dec 30, 2024",307,
"Dec 31, 2024",304,
"Jan 1, 2025",352,
"Jan 2, 2025",380,
"Jan 3, 2025",393,
"Jan 4, 2025",326,
"Jan 5, 2025",373,
"Jan 6, 2025",383,
"Jan 7, 2025",374,
"Jan 8, 2025",428,
"Jan 9, 2025",457,
"Jan 10, 2025",453,
"Jan 11, 2025",386,
"Jan 12, 2025",430,
"Jan 13, 2025",437,
"Jan 14, 2025",430,
"Jan 15, 2025",464,
"Jan 16, 2025",397,
"Jan 17, 2025",374,
"Jan 18, 2025",358,
"Jan 19, 2025",394,
"Jan 20, 2025",367,
"Jan 21, 2025",405,
"Jan 22, 2025",439,
"Jan 23, 2025",373,
"Jan 24, 2025",379,
"Jan 25, 2025",366,
"Jan 26, 2025",342,
"Jan 27, 2025",397,
"Jan 28, 2025",394,
"Jan 29, 2025",385,
"Jan 30, 2025",424,
"Jan 31, 2025",402,
"Feb 1, 2025",342,
"Feb 2, 2025",369,
"Feb 3, 2025",396,
"Feb 4, 2025",376,
"Feb 5, 2025",354,
"Feb 6, 2025",382,
"Feb 7, 2025",342,
"Feb 8, 2025",314,
"Feb 9, 2025",537,
"Feb 10, 2025",511,
"Feb 11, 2025",443,
"Feb 12, 2025",442,
"Feb 13, 2025",410,
"Feb 14, 2025",400,
"Feb 15, 2025",399,
"Feb 16, 2025",447,
"Feb 17, 2025",465,
"Feb 18, 2025",739,
"Feb 19, 2025",672,
"Feb 20, 2025",444,
"Feb 21, 2025",365,
"Feb 22, 2025",410,
"Feb 23, 2025",404,
"Feb 24, 2025",399,
"Feb 25, 2025",431,
"Feb 26, 2025",408,
"Feb 27, 2025",470,
"Feb 28, 2025",629,
"Mar 1, 2025",763,
"Mar 2, 2025",586,
"Mar 3, 2025",533,
"Mar 4, 2025",503,
"Mar 5, 2025",512,
"Mar 6, 2025",448,
"Mar 7, 2025",390,
"Mar 8, 2025",423,
"Mar 9, 2025",387,
"Mar 10, 2025",451,
"Mar 11, 2025",485,
"Mar 12, 2025",408,
"Mar 13, 2025",404,
"Mar 14, 2025",391,
"Mar 15, 2025",339,
"Mar 16, 2025",310,
"Mar 17, 2025",313,
"Mar 18, 2025",398,
"Mar 19, 2025",367,
"Mar 20, 2025",356,
"Mar 21, 2025",364,
"Mar 22, 2025",381,
"Mar 23, 2025",403,
"Mar 24, 2025",395,
"Mar 25, 2025",426,
"Mar 26, 2025",402,
"Mar 27, 2025",517,
"Mar 28, 2025",372,
"Mar 29, 2025",376,
"Mar 30, 2025",286,
"Mar 31, 2025",411,
"Apr 1, 2025",466,
"Apr 2, 2025",406,
"Apr 3, 2025",465,
"Apr 4, 2025",438,
"Apr 5, 2025",486,
"Apr 6, 2025",517,
"Apr 7, 2025",507,
"Apr 8, 2025",436,
"Apr 9, 2025",434,
"Apr 10, 2025",436,
"Apr 11, 2025",426,
"Apr 12, 2025",401,
"Apr 13, 2025",428,
"Apr 14, 2025",423,
"Apr 15, 2025",406,
"Apr 16, 2025",413,
"Apr 17, 2025",425,
"Apr 18, 2025",360,
"Apr 19, 2025",372,
"Apr 20, 2025",427,
"Apr 21, 2025",389,
"Apr 22, 2025",447,
"Apr 23, 2025",474,
"Apr 24, 2025",426,
"Apr 25, 2025",378,
"Apr 26, 2025",364,
"Apr 27, 2025",394,
"Apr 28, 2025",412,
"Apr 29, 2025",387,Rollout of release: Started rollout of 157 (2.4.0) at 100%.
"Apr 30, 2025",481,
"May 1, 2025",476,Rollout of release: Started rollout of 159 (2.4.1) at 100%.
"May 2, 2025",411,
"May 3, 2025",423,
"May 4, 2025",441,Rollout of release: Started rollout of 160 (2.4.2) at 20%. Rollout of release: Increased rollout of 160 (2.4.2) to 100%.
"May 5, 2025",423,Rollout of release: Started rollout of 161 (2.4.3) at 100%.
"May 6, 2025",491,
"May 7, 2025",491,
"May 8, 2025",532,
"May 9, 2025",359,Rollout of release: Started rollout of 165 (2.4.4) at 100%.
"May 10, 2025",350,
"May 11, 2025",413,
"May 12, 2025",486,
"May 13, 2025",449,
"May 14, 2025",499,
"May 15, 2025",488,
"May 16, 2025",437,
"May 17, 2025",471,
"May 18, 2025",505,
"May 19, 2025",459,
"May 20, 2025",525,
"May 21, 2025",530,
"May 22, 2025",442,
"May 23, 2025",548,Rollout of release: Started rollout of 168 (2.4.5) at 100%.
"May 24, 2025",540,
"May 25, 2025",550,
"May 26, 2025",541,
"May 27, 2025",559,
"May 28, 2025",493,
"May 29, 2025",478,
"May 30, 2025",541,
"May 31, 2025",606,
"Jun 1, 2025",638,
"Jun 2, 2025",639,
"Jun 3, 2025",584,
"Jun 4, 2025",525,
"Jun 5, 2025",521,
"Jun 6, 2025",559,
"Jun 7, 2025",508,
"Jun 8, 2025",468,
"Jun 9, 2025",489,Rollout of release: Started rollout of 169 (2.4.6) at 100%.
"Jun 10, 2025",516,
"Jun 11, 2025",566,
"Jun 12, 2025",605,
"Jun 13, 2025",540,Rollout of release: Started rollout of 172 (2.4.7) at 100%.
"Jun 14, 2025",463,
"Jun 15, 2025",506,
"Jun 16, 2025",577,
"Jun 17, 2025",421,
"Jun 18, 2025",395,
"Jun 19, 2025",411,
"Jun 20, 2025",408,
"Jun 21, 2025",384,
"Jun 22, 2025",376,Rollout of release: Started rollout of 173 (2.4.8) at 10%. Rollout of release: Increased rollout of 173 (2.4.8) to 100%.
"Jun 23, 2025",448,
"Jun 24, 2025",455,
"Jun 25, 2025",413,
"Jun 26, 2025",395,
"Jun 27, 2025",453,
"Jun 28, 2025",396,
"Jun 29, 2025",489,
"Jun 30, 2025",486,
"Jul 1, 2025",532,
"Jul 2, 2025",500,
"Jul 3, 2025",410,
"Jul 4, 2025",396,
"Jul 5, 2025",344,
"Jul 6, 2025",357,
"Jul 7, 2025",451,
"Jul 8, 2025",489,
"Jul 9, 2025",487,
"Jul 10, 2025",391,Rollout of release: Started rollout of 174 (2.4.9) at 100%.
"Jul 11, 2025",415,
"Jul 12, 2025",358,
"Jul 13, 2025",359,
"Jul 14, 2025",444,
"Jul 15, 2025",426,
"Jul 16, 2025",412,
"Jul 17, 2025",424,
"Jul 18, 2025",382,Rollout of release: Started rollout of 176 (2.4.10) at 100%.
"Jul 19, 2025",379,
"Jul 20, 2025",412,
"Jul 21, 2025",412,
"Jul 22, 2025",403,
"Jul 23, 2025",351,
"Jul 24, 2025",435,
"Jul 25, 2025",415,
"Jul 26, 2025",353,
"Jul 27, 2025",388,
"Jul 28, 2025",377,
"Jul 29, 2025",363,
"Jul 30, 2025",391,
"Jul 31, 2025",367,
"Aug 1, 2025",335,
"Aug 2, 2025",320,
"Aug 3, 2025",315,
"Aug 4, 2025",341,
"Aug 5, 2025",399,
"Aug 6, 2025",391,
"Aug 7, 2025",341,
"Aug 8, 2025",332,
"Aug 9, 2025",260,
"Aug 10, 2025",292,
"Aug 11, 2025",487,
"Aug 12, 2025",472,
"Aug 13, 2025",497,
"Aug 14, 2025",435,Rollout of release: Started rollout of 178 (2.4.11) at 100%.
"Aug 15, 2025",361,
"Aug 16, 2025",351,
"Aug 17, 2025",335,
"Aug 18, 2025",362,
"Aug 19, 2025",399,
"Aug 20, 2025",370,
"Aug 21, 2025",409,
"Aug 22, 2025",376,
"Aug 23, 2025",358,
"Aug 24, 2025",378,Rollout of release: Started rollout of 179 (2.4.12) at 100%.
"Aug 25, 2025",361,
"Aug 26, 2025",349,
"Aug 27, 2025",339,
"Aug 28, 2025",328,
"Aug 29, 2025",310,
"Aug 30, 2025",270,Rollout of release: Started rollout of 181 (2.4.13) at 100%.
"Aug 31, 2025",337,Rollout of release: Started rollout of 182 (2.4.14) at 100%. Rollout of release: Started rollout of 183 (2.4.14) at 100%.
"Sep 1, 2025",420,
"Sep 2, 2025",395,
"Sep 3, 2025",412,
"Sep 4, 2025",387,
"Sep 5, 2025",404,
"Sep 6, 2025",330,
"Sep 7, 2025",328,
"Sep 8, 2025",390,
"Sep 9, 2025",368,
"Sep 10, 2025",385,
"Sep 11, 2025",345,
"Sep 12, 2025",369,
"Sep 13, 2025",365,
"Sep 14, 2025",375,
"Sep 15, 2025",405,
"Sep 16, 2025",420,
"Sep 17, 2025",411,
"Sep 18, 2025",406,
"Sep 19, 2025",427,
"Sep 20, 2025",343,
"Sep 21, 2025",342,
"Sep 22, 2025",426,
"Sep 23, 2025",416,
"Sep 24, 2025",384,
"Sep 25, 2025",400,
"Sep 26, 2025",382,
"Sep 27, 2025",369,
"Sep 28, 2025",485,
"Sep 29, 2025",586,
"Sep 30, 2025",642,
"Oct 1, 2025",608,
"Oct 2, 2025",625,
"Oct 3, 2025",548,
"Oct 4, 2025",975,
"Oct 5, 2025",968,
"Oct 6, 2025",864,
"Oct 7, 2025",687,
"Oct 8, 2025",736,
"Oct 9, 2025",653,
"Oct 10, 2025",661,
"Oct 11, 2025",620,
"Oct 12, 2025",569,
"Oct 13, 2025",572,
"Oct 14, 2025",541,
"Oct 15, 2025",561,
"Oct 16, 2025",520,
"Oct 17, 2025",556,
"Oct 18, 2025",537,
"Oct 19, 2025",504,
"Oct 20, 2025",453,
"Oct 21, 2025",567,
"Oct 22, 2025",477,
"Oct 23, 2025",591,
"Oct 24, 2025",545,
"Oct 25, 2025",574,
"Oct 26, 2025",576,Rollout of release: Started rollout of 186 (2.4.15) at 100%.
"Oct 27, 2025",579,
"Oct 28, 2025",623,
"Oct 29, 2025",649,Rollout of release: Started rollout of 187 (2.4.16) at 100%.
"Oct 30, 2025",569,
"Oct 31, 2025",614,
"Nov 1, 2025",630,
"Nov 2, 2025",616,
"Nov 3, 2025",531,
"Nov 4, 2025",571,
"Nov 5, 2025",535,
"Nov 6, 2025",519,
"Nov 7, 2025",420,
"Nov 8, 2025",437,
"Nov 9, 2025",467,
"Nov 10, 2025",492,
"Nov 11, 2025",513,
"Nov 12, 2025",530,
"Nov 13, 2025",546,
"Nov 14, 2025",600,
"Nov 15, 2025",561,
"Nov 16, 2025",555,
"Nov 17, 2025",501,
"Nov 18, 2025",747,
"Nov 19, 2025",580,
"Nov 20, 2025",469,
"Nov 21, 2025",371,
"Nov 22, 2025",383,
"Nov 23, 2025",450,
"Nov 24, 2025",423,
"Nov 25, 2025",433,
"Nov 26, 2025",427,
